DATE,CSUSHPISA,Year,Month,GDP,UNRATE,FEDFUNDS,Cons_Price_Index,Consumer_price_index,House,working_people,old_people,Subsidy,Median_Income,Total_Houses,POP_PERCENT
2001-07-01,122.887,2002,7,46936.0,5.8,1.73,144.7,181.2,4.2,183888022.552227,12.2874577893554,24.183,65820.0,109297,79.409
2001-08-01,123.83,2002,8,46918.333333333336,5.7,1.74,145.1,181.7,4.0,184160985.601312,12.2874577893554,24.183,65820.0,109297,79.409
2001-09-01,124.779,2002,9,46900.666666666664,5.7,1.75,145.4,181.5,3.9,184423183.166082,12.2874577893554,24.183,65820.0,109297,79.409
2001-10-01,125.734,2002,10,46883.0,5.7,1.75,145.0,181.4,4.0,184554183.404222,12.2874577893554,24.183,65820.0,109297,79.409
2001-11-01,126.669,2002,11,46931.0,5.9,1.34,144.6,181.2,4.0,184744660.935522,12.2874577893554,24.183,65820.0,109297,79.409
2001-12-01,127.623,2002,12,46979.0,6.0,1.24,144.3,181.1,4.0,184859330.48556095,12.2874577893554,24.183,65820.0,109297,79.409
2002-01-01,128.46,2003,1,47027.0,5.8,1.24,144.4,182.3,4.0,185634217.687818,12.2779342993686,25.93,65860.0,111278,79.583
2002-02-01,129.355,2003,2,47132.0,5.9,1.26,145.2,183.2,4.5,185868643.220494,12.2779342993686,25.93,65860.0,111278,79.583
2002-03-01,130.14700000000002,2003,3,47237.0,5.9,1.25,145.2,184.3,4.1,186084693.56995896,12.2779342993686,25.93,65860.0,111278,79.583
2002-04-01,130.884,2003,4,47342.0,6.0,1.26,145.9,184.1,4.1,186470081.246257,12.2779342993686,25.93,65860.0,111278,79.583
2002-05-01,131.734,2003,5,47565.333333333336,6.1,1.26,145.8,184.5,3.9,186649528.27930897,12.2779342993686,25.93,65860.0,111278,79.583
2002-06-01,132.649,2003,6,47788.666666666664,6.3,1.22,146.1,185.3,3.5,186801069.52906,12.2779342993686,25.93,65860.0,111278,79.583
2002-07-01,133.77700000000002,2003,7,48012.0,6.2,1.01,147.0,185.9,3.6,187067405.757412,12.2779342993686,25.93,65860.0,111278,79.583
2002-08-01,134.968,2003,8,48158.0,6.1,1.03,147.2,186.1,3.5,187305250.791976,12.2779342993686,25.93,65860.0,111278,79.583
2002-09-01,136.29399999999998,2003,9,48304.0,6.1,1.01,149.0,185.8,3.8,187539775.20925,12.2779342993686,25.93,65860.0,111278,79.583
2002-10-01,137.532,2003,10,48450.0,6.0,1.01,149.6,185.7,3.8,187738373.134674,12.2779342993686,25.93,65860.0,111278,79.583
2002-11-01,138.793,2003,11,48511.0,5.8,1.0,150.2,185.1,4.1,187972124.74446905,12.2779342993686,25.93,65860.0,111278,79.583
2002-12-01,140.179,2003,12,48572.0,5.7,0.98,149.7,185.1,4.0,188135255.079655,12.2779342993686,25.93,65860.0,111278,79.583
2003-01-01,141.64600000000002,2004,1,48633.0,5.7,1.0,150.0,186.3,3.8,187687969.207989,12.3047192322804,27.201,65760.0,112000,79.757
2003-02-01,143.191,2004,2,48723.666666666664,5.6,1.01,153.4,187.0,3.7,187875451.407649,12.3047192322804,27.201,65760.0,112000,79.757
2003-03-01,145.059,2004,3,48814.333333333336,5.8,1.0,156.5,187.9,3.6,188057722.03934503,12.3047192322804,27.201,65760.0,112000,79.757
2003-04-01,146.592,2004,4,48905.0,5.6,1.0,160.1,188.4,4.0,188320169.74652,12.3047192322804,27.201,65760.0,112000,79.757
2003-05-01,148.185,2004,5,49017.666666666664,5.6,1.0,162.7,188.9,3.8,188475810.280927,12.3047192322804,27.201,65760.0,112000,79.757
2003-06-01,149.85,2004,6,49130.333333333336,5.6,1.03,162.0,190.3,3.9,188689461.442109,12.3047192322804,27.201,65760.0,112000,79.757
2003-07-01,151.338,2004,7,49243.0,5.5,1.26,162.2,190.9,4.5,188840548.663347,12.3047192322804,27.201,65760.0,112000,79.757
2003-08-01,152.634,2004,8,49369.666666666664,5.4,1.43,165.9,191.2,4.3,189071374.975358,12.3047192322804,27.201,65760.0,112000,79.757
2003-09-01,154.179,2004,9,49496.333333333336,5.4,1.61,167.2,191.0,4.1,189217846.455663,12.3047192322804,27.201,65760.0,112000,79.757
2003-10-01,155.75,2004,10,49623.0,5.5,1.76,165.9,191.0,3.9,189444673.04673,12.3047192322804,27.201,65760.0,112000,79.757
2003-11-01,157.52700000000002,2004,11,49771.333333333336,5.4,1.93,165.5,190.8,4.3,189654575.518692,12.3047192322804,27.201,65760.0,112000,79.757
2003-12-01,159.33,2004,12,49919.666666666664,5.4,2.16,166.3,190.7,4.1,189810239.240583,12.3047192322804,27.201,65760.0,112000,79.757
2004-01-01,161.28799999999998,2005,1,50068.0,5.3,2.28,168.6,191.8,4.4,189989658.14832905,12.3601628768533,27.651,66780.0,113343,79.928
2004-02-01,163.344,2005,2,50113.333333333336,5.4,2.5,170.4,192.7,4.3,190144268.613114,12.3601628768533,27.651,66780.0,113343,79.928
2004-03-01,165.812,2005,3,50158.666666666664,5.2,2.63,170.0,194.1,4.1,190460460.091305,12.3601628768533,27.651,66780.0,113343,79.928
2004-04-01,167.50099999999998,2005,4,50204.0,5.2,2.79,170.0,194.4,4.3,190466068.157388,12.3601628768533,27.651,66780.0,113343,79.928
2004-05-01,169.35,2005,5,50292.666666666664,5.1,3.0,168.1,194.5,4.2,190710241.839535,12.3601628768533,27.651,66780.0,113343,79.928
2004-06-01,171.19,2005,6,50381.333333333336,5.0,3.04,167.8,195.5,4.3,190962534.95537505,12.3601628768533,27.651,66780.0,113343,79.928
2004-07-01,172.859,2005,7,50470.0,5.0,3.26,167.2,196.6,4.2,191115008.889206,12.3601628768533,27.651,66780.0,113343,79.928
2004-08-01,174.44299999999998,2005,8,50523.0,4.9,3.5,165.9,196.9,4.5,191266347.303718,12.3601628768533,27.651,66780.0,113343,79.928
2004-09-01,176.437,2005,9,50576.0,5.0,3.62,168.9,197.0,4.7,191439119.291909,12.3601628768533,27.651,66780.0,113343,79.928
2004-10-01,178.02700000000002,2005,10,50629.0,5.0,3.78,171.6,198.4,4.5,191655296.67140105,12.3601628768533,27.651,66780.0,113343,79.928
2004-11-01,179.68,2005,11,50819.333333333336,5.0,4.0,172.7,198.5,5.0,191932178.95897,12.3601628768533,27.651,66780.0,113343,79.928
2004-12-01,180.91,2005,12,51009.666666666664,4.9,4.16,173.5,198.3,4.9,192145058.962593,12.3601628768533,27.651,66780.0,113343,79.928
2005-01-01,182.32,2006,1,51200.0,4.7,4.29,177.2,200.0,5.3,192350560.3665,12.422071948027,28.604,67520.0,114384,80.099
2005-02-01,183.287,2006,2,51203.333333333336,4.8,4.49,177.7,200.5,6.1,192542668.33467495,12.422071948027,28.604,67520.0,114384,80.099
2005-03-01,184.364,2006,3,51206.666666666664,4.7,4.59,178.3,201.3,5.9,192688773.082679,12.422071948027,28.604,67520.0,114384,80.099
2005-04-01,184.329,2006,4,51210.0,4.7,4.79,179.0,201.7,6.3,192815179.50508305,12.422071948027,28.604,67520.0,114384,80.099
2005-05-01,184.156,2006,5,51191.666666666664,4.6,4.94,179.9,202.2,6.2,192912881.347801,12.422071948027,28.604,67520.0,114384,80.099
2005-06-01,183.507,2006,6,51173.333333333336,4.6,4.99,180.7,203.7,6.3,193147759.188992,12.422071948027,28.604,67520.0,114384,80.099
2005-07-01,183.067,2006,7,51155.0,4.7,5.24,182.3,204.7,7.3,193315722.206678,12.422071948027,28.604,67520.0,114384,80.099
2005-08-01,182.596,2006,8,51255.0,4.7,5.25,182.6,205.1,6.7,193456189.209716,12.422071948027,28.604,67520.0,114384,80.099
2005-09-01,182.798,2006,9,51355.0,4.5,5.25,183.3,205.0,6.7,193557903.088906,12.422071948027,28.604,67520.0,114384,80.099
2005-10-01,183.198,2006,10,51455.0,4.4,5.25,182.3,204.4,7.3,193702904.57828,12.422071948027,28.604,67520.0,114384,80.099
2005-11-01,183.609,2006,11,51467.333333333336,4.5,5.25,179.8,204.5,6.6,193948914.748138,12.422071948027,28.604,67520.0,114384,80.099
2005-12-01,184.138,2006,12,51479.666666666664,4.4,5.24,179.8,204.8,6.5,194181049.427418,12.422071948027,28.604,67520.0,114384,80.099
2006-01-01,184.516,2007,1,51492.0,4.6,5.25,181.1,206.057,7.2,194950822.52520895,12.507803700301,29.512,68610.0,116011,80.269
2006-02-01,184.598,2007,2,51563.0,4.5,5.26,181.5,207.177,7.9,195126880.627733,12.507803700301,29.512,68610.0,116011,80.269
2006-03-01,184.149,2007,3,51634.0,4.4,5.26,182.5,208.08,7.9,195232897.83557,12.507803700301,29.512,68610.0,116011,80.269
2006-04-01,183.01,2007,4,51705.0,4.5,5.25,183.7,208.541,7.4,195285714.737398,12.507803700301,29.512,68610.0,116011,80.269
2006-05-01,181.6,2007,5,51764.0,4.4,5.25,184.0,208.902,7.8,195379018.833646,12.507803700301,29.512,68610.0,116011,80.269
2006-06-01,180.254,2007,6,51823.0,4.6,5.25,184.0,210.649,8.2,195626634.046856,12.507803700301,29.512,68610.0,116011,80.269
2006-07-01,179.111,2007,7,51882.0,4.7,5.26,184.2,211.286,8.3,195763535.11075,12.507803700301,29.512,68610.0,116011,80.269
2006-08-01,178.11700000000002,2007,8,51943.333333333336,4.6,5.02,183.9,211.098,9.2,195850863.946078,12.507803700301,29.512,68610.0,116011,80.269
2006-09-01,177.558,2007,9,52004.666666666664,4.7,4.94,183.4,210.865,9.2,195982436.044094,12.507803700301,29.512,68610.0,116011,80.269
2006-10-01,176.62400000000002,2007,10,52066.0,4.7,4.76,183.0,210.701,8.5,196078651.47493,12.507803700301,29.512,68610.0,116011,80.269
2006-11-01,175.14700000000002,2007,11,51957.333333333336,4.7,4.49,183.3,210.745,9.4,196221175.760461,12.507803700301,29.512,68610.0,116011,80.269
2006-12-01,174.342,2007,12,51848.666666666664,5.0,4.24,183.5,210.933,9.6,196455828.256626,12.507803700301,29.512,68610.0,116011,80.269
2007-01-01,173.132,2008,1,51740.0,5.0,3.94,184.3,212.244,9.3,196086203.524982,12.6708585039901,29.876,66280.0,116783,80.438
2007-02-01,171.54,2008,2,51801.0,4.9,2.98,185.7,213.026,9.7,196235085.354875,12.6708585039901,29.876,66280.0,116783,80.438
2007-03-01,170.053,2008,3,51862.0,5.1,2.61,187.8,214.389,10.5,196400619.620712,12.6708585039901,29.876,66280.0,116783,80.438
2007-04-01,168.338,2008,4,51923.0,5.0,2.28,190.9,214.89,10.3,196184860.473712,12.6708585039901,29.876,66280.0,116783,80.438
2007-05-01,166.65900000000002,2008,5,51789.666666666664,5.4,1.98,195.8,215.809,10.7,196464924.349443,12.6708585039901,29.876,66280.0,116783,80.438
2007-06-01,165.017,2008,6,51656.333333333336,5.6,2.0,200.4,217.941,10.7,196572656.95004705,12.6708585039901,29.876,66280.0,116783,80.438
2007-07-01,163.566,2008,7,51523.0,5.8,2.01,203.4,219.61,10.5,196674352.76027095,12.6708585039901,29.876,66280.0,116783,80.438
2007-08-01,161.988,2008,8,51109.0,6.1,2.0,206.5,219.148,11.3,196811762.382218,12.6708585039901,29.876,66280.0,116783,80.438
2007-09-01,160.308,2008,9,50695.0,6.1,1.81,206.3,218.184,10.9,196984550.093428,12.6708585039901,29.876,66280.0,116783,80.438
2007-10-01,158.326,2008,10,50281.0,6.5,0.97,201.8,217.383,11.6,197147398.688824,12.6708585039901,29.876,66280.0,116783,80.438
2007-11-01,156.141,2008,11,50052.0,6.8,0.39,199.6,216.467,11.4,197282896.945071,12.6708585039901,29.876,66280.0,116783,80.438
2007-12-01,153.618,2008,12,49823.0,7.3,0.16,194.8,216.073,11.2,197450491.660518,12.6708585039901,29.876,66280.0,116783,80.438
2008-01-01,151.506,2009,1,49594.0,7.8,0.15,193.3,216.928,12.2,196957406.258437,12.8562585688817,32.883,65850.0,117181,80.606
2008-02-01,150.014,2009,2,49532.0,8.3,0.22,191.2,217.18,10.5,197131242.151053,12.8562585688817,32.883,65850.0,117181,80.606
2008-03-01,148.66,2009,3,49470.0,8.7,0.18,190.2,217.374,11.0,197297625.327139,12.8562585688817,32.883,65850.0,117181,80.606
2008-04-01,147.94799999999998,2009,4,49408.0,9.0,0.15,188.1,217.126,10.7,197764400.86352,12.8562585688817,32.883,65850.0,117181,80.606
2008-05-01,147.695,2009,5,49429.666666666664,9.4,0.18,186.9,216.971,9.3,197891272.68780705,12.8562585688817,32.883,65850.0,117181,80.606
2008-06-01,148.09,2009,6,49451.333333333336,9.5,0.21,187.1,218.071,8.5,197603408.54757705,12.8562585688817,32.883,65850.0,117181,80.606
2008-07-01,148.409,2009,7,49473.0,9.5,0.16,187.6,218.085,7.9,197766275.014166,12.8562585688817,32.883,65850.0,117181,80.606
2008-08-01,148.27700000000002,2009,8,49610.666666666664,9.6,0.16,188.1,217.827,7.5,198114332.68621105,12.8562585688817,32.883,65850.0,117181,80.606
2008-09-01,148.024,2009,9,49748.333333333336,9.8,0.15,189.3,217.178,7.8,198363808.252616,12.8562585688817,32.883,65850.0,117181,80.606
2008-10-01,147.849,2009,10,49886.0,10.0,0.12,189.7,216.612,7.4,198618252.04989,12.8562585688817,32.883,65850.0,117181,80.606
2008-11-01,148.134,2009,11,49936.0,9.9,0.12,189.2,215.808,7.6,198614188.035042,12.8562585688817,32.883,65850.0,117181,80.606
2008-12-01,147.929,2009,12,49986.0,9.9,0.12,189.4,215.523,8.0,198623349.131128,12.8562585688817,32.883,65850.0,117181,80.606
2009-01-01,147.395,2010,1,50036.0,9.8,0.11,190.3,215.925,8.1,198065211.537052,13.0281784974361,32.669,64300.0,117538,80.772
2009-02-01,145.631,2010,2,50165.333333333336,9.8,0.13,192.2,215.841,8.3,198329647.91393203,13.0281784974361,32.669,64300.0,117538,80.772
2009-03-01,145.859,2010,3,50294.666666666664,9.9,0.16,193.7,216.023,7.1,198649626.007924,13.0281784974361,32.669,64300.0,117538,80.772
2009-04-01,146.404,2010,4,50424.0,9.9,0.2,196.5,215.798,6.2,199115795.460867,13.0281784974361,32.669,64300.0,117538,80.772
2009-05-01,146.394,2010,5,50518.0,9.6,0.2,198.9,215.981,9.3,199224561.965077,13.0281784974361,32.669,64300.0,117538,80.772
2009-06-01,145.72,2010,6,50612.0,9.4,0.18,197.2,216.778,8.3,198998357.44226295,13.0281784974361,32.669,64300.0,117538,80.772
2009-07-01,144.99,2010,7,50706.0,9.4,0.18,195.6,217.076,8.9,199104164.26996,13.0281784974361,32.669,64300.0,117538,80.772
2009-08-01,143.915,2010,8,50757.0,9.5,0.19,194.1,216.976,8.8,199358427.096852,13.0281784974361,32.669,64300.0,117538,80.772
2009-09-01,143.018,2010,9,50808.0,9.5,0.19,193.9,216.602,7.6,199592944.422734,13.0281784974361,32.669,64300.0,117538,80.772
2009-10-01,142.531,2010,10,50859.0,9.4,0.19,193.8,216.1,8.2,199859978.358188,13.0281784974361,32.669,64300.0,117538,80.772
2009-11-01,142.172,2010,11,50788.0,9.8,0.19,193.6,215.83,8.2,199933691.570699,13.0281784974361,32.669,64300.0,117538,80.772
2009-12-01,142.061,2010,12,50717.0,9.3,0.18,194.2,216.142,7.0,199962030.403099,13.0281784974361,32.669,64300.0,117538,80.772
2010-01-01,141.52200000000002,2011,1,50646.0,9.1,0.17,195.9,216.739,7.3,199071788.58297,13.2702031218742,34.23,63350.0,119927,80.944
2010-02-01,140.351,2011,2,50729.666666666664,9.0,0.16,198.1,217.259,8.1,199329997.658309,13.2702031218742,34.23,63350.0,119927,80.944
2010-03-01,139.982,2011,3,50813.333333333336,9.0,0.14,199.7,217.707,7.2,199524830.186532,13.2702031218742,34.23,63350.0,119927,80.944
2010-04-01,140.01,2011,4,50897.0,9.1,0.1,201.1,217.901,6.7,199950249.05044895,13.2702031218742,34.23,63350.0,119927,80.944
2010-05-01,139.905,2011,5,50854.333333333336,9.0,0.09,201.6,218.484,6.6,200047046.576764,13.2702031218742,34.23,63350.0,119927,80.944
2010-06-01,139.862,2011,6,50811.666666666664,9.1,0.09,201.9,219.553,6.6,199916426.046807,13.2702031218742,34.23,63350.0,119927,80.944
2010-07-01,139.73,2011,7,50769.0,9.0,0.07,202.6,220.23,6.7,200019255.615213,13.2702031218742,34.23,63350.0,119927,80.944
2010-08-01,139.308,2011,8,50923.333333333336,9.0,0.1,202.8,220.506,6.5,200119232.68470705,13.2702031218742,34.23,63350.0,119927,80.944
2010-09-01,138.66899999999998,2011,9,51077.666666666664,9.0,0.08,202.7,220.54,6.3,200263992.82767,13.2702031218742,34.23,63350.0,119927,80.944
2010-10-01,137.953,2011,10,51232.0,8.8,0.07,202.7,220.138,6.0,200455255.78058,13.2702031218742,34.23,63350.0,119927,80.944
2010-11-01,137.153,2011,11,51341.0,8.6,0.08,202.2,219.969,5.7,200413998.083871,13.2702031218742,34.23,63350.0,119927,80.944
2010-12-01,136.675,2011,12,51450.0,8.5,0.07,202.2,220.193,5.3,200418681.30812705,13.2702031218742,34.23,63350.0,119927,80.944
2011-01-01,136.608,2012,1,51559.0,8.3,0.08,203.9,220.805,5.3,201013600.78646803,13.5844369333927,33.283,63350.0,121084,81.119
2011-02-01,136.533,2012,2,51606.666666666664,8.3,0.1,205.1,221.117,4.8,201109580.669277,13.5844369333927,33.283,63350.0,121084,81.119
2011-03-01,137.905,2012,3,51654.333333333336,8.2,0.13,205.7,221.487,4.9,201200902.24498,13.5844369333927,33.283,63350.0,121084,81.119
2011-04-01,139.155,2012,4,51702.0,8.2,0.14,206.3,221.682,4.9,201473852.83764,13.5844369333927,33.283,63350.0,121084,81.119
2011-05-01,140.155,2012,5,51696.0,8.2,0.16,206.5,221.971,4.7,201510859.836736,13.5844369333927,33.283,63350.0,121084,81.119
2011-06-01,141.03,2012,6,51690.0,8.2,0.16,206.6,223.051,4.8,201441454.973354,13.5844369333927,33.283,63350.0,121084,81.119
2011-07-01,141.66899999999998,2012,7,51684.0,8.2,0.16,206.2,223.316,4.6,201433691.744108,13.5844369333927,33.283,63350.0,121084,81.119
2011-08-01,142.281,2012,8,51667.333333333336,8.1,0.13,205.5,223.699,4.6,201502453.159918,13.5844369333927,33.283,63350.0,121084,81.119
2011-09-01,142.909,2012,9,51650.666666666664,7.8,0.14,206.6,223.901,4.5,201625853.703525,13.5844369333927,33.283,63350.0,121084,81.119
2011-10-01,143.602,2012,10,51634.0,7.8,0.16,205.5,223.708,4.9,201720006.252997,13.5844369333927,33.283,63350.0,121084,81.119
2011-11-01,144.586,2012,11,51755.333333333336,7.7,0.16,205.6,223.814,4.6,201769248.477423,13.5844369333927,33.283,63350.0,121084,81.119
2011-12-01,145.503,2012,12,51876.666666666664,7.9,0.16,206.4,224.032,4.5,201889547.768835,13.5844369333927,33.283,63350.0,121084,81.119
2012-01-01,146.827,2013,1,51998.0,8.0,0.14,208.4,224.79,4.0,201740179.051336,13.8910756761845,33.213,65740.0,122459,81.299
2012-02-01,147.783,2013,2,51992.666666666664,7.7,0.15,209.1,225.382,4.1,201880651.538706,13.8910756761845,33.213,65740.0,122459,81.299
2012-03-01,149.963,2013,3,51987.333333333336,7.5,0.14,209.8,225.643,4.2,202094069.12762,13.8910756761845,33.213,65740.0,122459,81.299
2012-04-01,151.519,2013,4,51982.0,7.6,0.15,210.7,225.986,4.4,202114411.981009,13.8910756761845,33.213,65740.0,122459,81.299
2012-05-01,152.849,2013,5,52082.666666666664,7.5,0.11,209.5,226.896,4.6,202298812.143071,13.8910756761845,33.213,65740.0,122459,81.299
2012-06-01,154.19899999999998,2013,6,52183.333333333336,7.5,0.09,208.8,228.068,4.1,202334797.859025,13.8910756761845,33.213,65740.0,122459,81.299
2012-07-01,155.60399999999998,2013,7,52284.0,7.3,0.09,208.3,228.374,5.5,202342809.549881,13.8910756761845,33.213,65740.0,122459,81.299
2012-08-01,156.965,2013,8,52370.666666666664,7.2,0.08,208.9,228.564,5.5,202432246.934181,13.8910756761845,33.213,65740.0,122459,81.299
2012-09-01,158.227,2013,9,52457.333333333336,7.2,0.08,208.9,228.808,5.4,202612834.796677,13.8910756761845,33.213,65740.0,122459,81.299
2012-10-01,159.24200000000002,2013,10,52544.0,7.2,0.09,209.3,228.362,4.9,202634154.849124,13.8910756761845,33.213,65740.0,122459,81.299
2012-11-01,160.07399999999998,2013,11,52451.333333333336,6.9,0.08,209.8,228.449,5.0,202701028.713779,13.8910756761845,33.213,65740.0,122459,81.299
2012-12-01,160.993,2013,12,52358.666666666664,6.7,0.09,209.8,228.892,5.2,202726080.249386,13.8910756761845,33.213,65740.0,122459,81.299
2013-01-01,161.92700000000002,2014,1,52266.0,6.6,0.07,211.7,230.256,5.1,202492934.990058,14.1355633751345,33.806,64900.0,123229,81.483
2013-02-01,162.52700000000002,2014,2,52457.333333333336,6.7,0.07,212.7,230.905,5.3,202561429.474419,14.1355633751345,33.806,64900.0,123229,81.483
2013-03-01,163.088,2014,3,52648.666666666664,6.7,0.08,213.4,231.968,5.6,202694172.15927,14.1355633751345,33.806,64900.0,123229,81.483
2013-04-01,163.395,2014,4,52840.0,6.2,0.09,213.6,231.689,5.7,202799124.484298,14.1355633751345,33.806,64900.0,123229,81.483
2013-05-01,163.662,2014,5,53006.666666666664,6.3,0.09,214.3,232.744,5.2,202922484.178469,14.1355633751345,33.806,64900.0,123229,81.483
2013-06-01,164.062,2014,6,53173.333333333336,6.1,0.1,214.5,233.894,5.7,203092828.126113,14.1355633751345,33.806,64900.0,123229,81.483
2013-07-01,164.576,2014,7,53340.0,6.2,0.09,214.8,234.475,6.2,203115985.414274,14.1355633751345,33.806,64900.0,123229,81.483
2013-08-01,165.21599999999998,2014,8,53381.333333333336,6.1,0.09,215.5,234.571,5.4,203210145.49464905,14.1355633751345,33.806,64900.0,123229,81.483
2013-09-01,165.907,2014,9,53422.666666666664,5.9,0.09,215.7,234.675,5.4,203260317.08028603,14.1355633751345,33.806,64900.0,123229,81.483
2013-10-01,166.643,2014,10,53464.0,5.7,0.09,215.9,234.434,5.3,203281628.022833,14.1355633751345,33.806,64900.0,123229,81.483
2013-11-01,167.33700000000002,2014,11,53578.0,5.8,0.09,215.8,234.315,5.7,203370716.173862,14.1355633751345,33.806,64900.0,123229,81.483
2013-12-01,168.05200000000002,2014,12,53692.0,5.6,0.12,215.5,234.658,5.1,203424863.155179,14.1355633751345,33.806,64900.0,123229,81.483
2014-01-01,168.634,2015,1,53806.0,5.7,0.11,215.8,235.485,4.8,203881341.35219505,14.3277540980291,34.859,68410.0,124587,81.671
2014-02-01,169.132,2015,2,53877.666666666664,5.5,0.11,215.3,236.016,4.5,203936974.01881,14.3277540980291,34.859,68410.0,124587,81.671
2014-03-01,169.801,2015,3,53949.333333333336,5.4,0.11,215.0,236.435,5.1,204002384.283532,14.3277540980291,34.859,68410.0,124587,81.671
2014-04-01,170.299,2015,4,54021.0,5.4,0.12,214.5,236.777,4.9,204016820.66419905,14.3277540980291,34.859,68410.0,124587,81.671
2014-05-01,170.882,2015,5,54041.0,5.6,0.12,213.7,237.175,5.0,204232027.93604305,14.3277540980291,34.859,68410.0,124587,81.671
2014-06-01,171.467,2015,6,54061.0,5.3,0.13,213.7,238.568,5.4,204417687.63879,14.3277540980291,34.859,68410.0,124587,81.671
2014-07-01,172.12900000000002,2015,7,54081.0,5.2,0.13,213.7,239.085,5.2,204506449.39351895,14.3277540980291,34.859,68410.0,124587,81.671
2014-08-01,172.938,2015,8,54069.0,5.1,0.14,213.3,239.298,5.0,204557902.821014,14.3277540980291,34.859,68410.0,124587,81.671
2014-09-01,173.83,2015,9,54057.0,5.0,0.14,212.5,239.651,5.9,204536920.322261,14.3277540980291,34.859,68410.0,124587,81.671
2014-10-01,174.793,2015,10,54045.0,5.0,0.12,212.4,239.395,5.6,204577584.842515,14.3277540980291,34.859,68410.0,124587,81.671
2014-11-01,175.739,2015,11,54119.0,5.1,0.12,211.7,239.325,5.5,204605179.588027,14.3277540980291,34.859,68410.0,124587,81.671
2014-12-01,176.545,2015,12,54193.0,5.0,0.24,210.9,239.514,5.1,204718625.400822,14.3277540980291,34.859,68410.0,124587,81.671
2015-01-01,177.27200000000002,2016,1,54267.0,4.8,0.34,211.4,240.424,5.6,205107943.30787,14.672311496844,37.55,70840.0,125819,81.862
2015-02-01,177.65200000000002,2016,2,54289.333333333336,4.9,0.38,211.3,241.015,5.5,205160893.78876305,14.672311496844,37.55,70840.0,125819,81.862
2015-03-01,178.168,2016,3,54311.666666666664,5.0,0.36,211.6,241.485,5.5,205293260.649971,14.672311496844,37.55,70840.0,125819,81.862
2015-04-01,178.768,2016,4,54334.0,5.1,0.37,212.7,241.79,5.0,205240952.721374,14.672311496844,37.55,70840.0,125819,81.862
2015-05-01,179.43099999999998,2016,5,54405.666666666664,4.8,0.37,213.7,242.811,5.1,205443695.43154,14.672311496844,37.55,70840.0,125819,81.862
2015-06-01,180.079,2016,6,54477.333333333336,4.9,0.38,214.6,244.28,5.3,205612263.741236,14.672311496844,37.55,70840.0,125819,81.862
2015-07-01,180.829,2016,7,54549.0,4.8,0.39,215.3,244.936,4.5,205723009.48766,14.672311496844,37.55,70840.0,125819,81.862
2015-08-01,181.854,2016,8,54604.0,4.9,0.4,216.0,245.472,5.0,205722118.07776,14.672311496844,37.55,70840.0,125819,81.862
2015-09-01,182.827,2016,9,54659.0,5.0,0.4,215.3,246.127,5.2,205758207.661835,14.672311496844,37.55,70840.0,125819,81.862
2015-10-01,183.756,2016,10,54714.0,4.9,0.4,214.8,246.264,5.2,205820559.12200695,14.672311496844,37.55,70840.0,125819,81.862
2015-11-01,184.765,2016,11,54764.666666666664,4.7,0.41,214.5,246.271,5.2,205809150.763684,14.672311496844,37.55,70840.0,125819,81.862
2015-12-01,185.726,2016,12,54815.333333333336,4.7,0.54,215.5,246.795,5.4,205947149.215825,14.672311496844,37.55,70840.0,125819,81.862
2016-01-01,186.8,2017,1,54866.0,4.7,0.65,217.3,247.942,5.4,205341373.943927,15.0662903997382,35.771,72090.0,126224,82.058
2016-02-01,187.314,2017,2,54929.666666666664,4.6,0.66,218.8,248.693,5.3,205348420.244582,15.0662903997382,35.771,72090.0,126224,82.058
2016-03-01,187.992,2017,3,54993.333333333336,4.4,0.79,219.7,248.978,5.0,205265464.362687,15.0662903997382,35.771,72090.0,126224,82.058
2016-04-01,188.727,2017,4,55057.0,4.4,0.9,221.0,249.514,5.4,205392169.453776,15.0662903997382,35.771,72090.0,126224,82.058
2016-05-01,189.622,2017,5,55175.666666666664,4.4,0.91,221.7,250.376,5.1,205501946.665678,15.0662903997382,35.771,72090.0,126224,82.058
2016-06-01,190.512,2017,6,55294.333333333336,4.3,1.04,221.9,251.629,5.3,205688251.205509,15.0662903997382,35.771,72090.0,126224,82.058
2016-07-01,191.454,2017,7,55413.0,4.3,1.15,221.9,251.87,5.8,205740836.169578,15.0662903997382,35.771,72090.0,126224,82.058
2016-08-01,192.675,2017,8,55567.666666666664,4.4,1.16,222.4,252.615,6.1,205723613.844996,15.0662903997382,35.771,72090.0,126224,82.058
2016-09-01,193.774,2017,9,55722.333333333336,4.3,1.15,223.1,252.984,5.3,205704970.924289,15.0662903997382,35.771,72090.0,126224,82.058
2016-10-01,194.82,2017,10,55877.0,4.2,1.15,223.9,253.125,5.5,205670408.394115,15.0662903997382,35.771,72090.0,126224,82.058
2016-11-01,195.96400000000003,2017,11,55983.0,4.2,1.16,223.9,253.177,4.8,205656877.8503,15.0662903997382,35.771,72090.0,126224,82.058
2016-12-01,197.17,2017,12,56089.0,4.1,1.3,224.1,253.845,5.6,205800595.64941695,15.0662903997382,35.771,72090.0,126224,82.058
2017-01-01,198.294,2018,1,56195.0,4.0,1.41,225.8,254.857,6.0,206339378.419178,15.3976975750778,38.859,73030.0,127586,82.256
2017-02-01,199.211,2018,2,56300.666666666664,4.1,1.42,228.7,255.713,5.7,206307462.824439,15.3976975750778,38.859,73030.0,127586,82.256
2017-03-01,199.952,2018,3,56406.333333333336,4.0,1.51,231.3,256.388,5.2,206369738.227738,15.3976975750778,38.859,73030.0,127586,82.256
2017-04-01,200.655,2018,4,56512.0,4.0,1.69,232.4,256.969,5.6,206274935.365562,15.3976975750778,38.859,73030.0,127586,82.256
2017-05-01,201.433,2018,5,56618.333333333336,3.8,1.7,236.8,257.907,5.5,206525427.999221,15.3976975750778,38.859,73030.0,127586,82.256
2017-06-01,202.243,2018,6,56724.666666666664,4.0,1.82,239.2,258.71,5.8,206661184.65188,15.3976975750778,38.859,73030.0,127586,82.256
2017-07-01,202.926,2018,7,56831.0,3.8,1.91,239.6,259.268,6.0,206659777.11561295,15.3976975750778,38.859,73030.0,127586,82.256
2017-08-01,203.71400000000003,2018,8,56837.666666666664,3.8,1.91,239.4,259.884,6.5,206664712.900867,15.3976975750778,38.859,73030.0,127586,82.256
2017-09-01,204.389,2018,9,56844.333333333336,3.7,1.95,240.0,259.941,6.6,206654330.097875,15.3976975750778,38.859,73030.0,127586,82.256
2017-10-01,205.159,2018,10,56851.0,3.8,2.19,238.7,260.268,7.2,206620708.24887905,15.3976975750778,38.859,73030.0,127586,82.256
2017-11-01,205.692,2018,11,56934.0,3.8,2.2,238.8,260.473,6.4,206643656.57961,15.3976975750778,38.859,73030.0,127586,82.256
2017-12-01,206.149,2018,12,57017.0,3.9,2.27,238.3,261.36,7.6,206762878.623716,15.3976975750778,38.859,73030.0,127586,82.256
2018-01-01,206.495,2019,1,57100.0,4.0,2.4,238.5,262.284,7.0,206187752.561887,15.7918008297391,40.185,78250.0,128579.0,82.459
2018-02-01,206.792,2019,2,57206.0,3.8,2.4,238.1,263.057,6.4,206154545.46956903,15.7918008297391,40.185,78250.0,128579.0,82.459
2018-03-01,207.017,2019,3,57312.0,3.8,2.41,238.1,263.886,5.7,206099024.77024505,15.7918008297391,40.185,78250.0,128579.0,82.459
2018-04-01,207.51,2019,4,57418.0,3.6,2.42,237.2,264.452,5.8,206170068.640731,15.7918008297391,40.185,78250.0,128579.0,82.459
2018-05-01,208.157,2019,5,57560.333333333336,3.7,2.39,237.3,265.137,6.7,206451313.15124,15.7918008297391,40.185,78250.0,128579.0,82.459
2018-06-01,208.677,2019,6,57702.666666666664,3.6,2.38,236.3,266.461,5.2,206564990.504277,15.7918008297391,40.185,78250.0,128579.0,82.459
2018-07-01,209.319,2019,7,57845.0,3.7,2.4,235.6,267.101,5.9,206412025.16746095,15.7918008297391,40.185,78250.0,128579.0,82.459
2018-08-01,210.145,2019,8,57902.333333333336,3.7,2.13,234.4,267.263,5.4,206409591.62938,15.7918008297391,40.185,78250.0,128579.0,82.459
2018-09-01,210.97,2019,9,57959.666666666664,3.5,2.04,234.4,267.822,5.4,206341688.662982,15.7918008297391,40.185,78250.0,128579.0,82.459
2018-10-01,211.874,2019,10,58017.0,3.6,1.83,233.8,267.794,5.3,206244263.932141,15.7918008297391,40.185,78250.0,128579.0,82.459
2018-11-01,212.819,2019,11,57771.0,3.6,1.55,232.8,267.925,5.4,206317380.232137,15.7918008297391,40.185,78250.0,128579.0,82.459
2018-12-01,213.906,2019,12,57525.0,3.6,1.55,232.2,268.236,5.6,206389716.222774,15.7918008297391,40.185,78250.0,128579.0,82.459
2019-01-01,214.904,2020,1,57279.0,3.5,1.55,233.4,269.468,5.7,205727844.84185705,16.2234001500798,44.147,76660.0,128451.0,82.664
2019-02-01,215.721,2020,2,55650.333333333336,3.5,1.58,234.6,270.281,5.6,205599624.533511,16.2234001500798,44.147,76660.0,128451.0,82.664
2019-03-01,216.314,2020,3,54021.666666666664,4.4,0.65,236.3,270.273,6.5,205438752.3335,16.2234001500798,44.147,76660.0,128451.0,82.664
2019-04-01,216.80900000000003,2020,4,52393.0,14.7,0.05,234.3,270.184,6.9,206982497.617641,16.2234001500798,44.147,76660.0,128451.0,82.664
2019-05-01,217.015,2020,5,53755.0,13.2,0.05,233.3,270.823,5.4,206796375.768438,16.2234001500798,44.147,76660.0,128451.0,82.664
2019-06-01,217.657,2020,6,55117.0,11.0,0.08,234.8,271.831,3.8,205507595.262771,16.2234001500798,44.147,76660.0,128451.0,82.664
2019-07-01,219.448,2020,7,56479.0,10.2,0.09,237.0,272.445,3.4,205375033.00646895,16.2234001500798,44.147,76660.0,128451.0,82.664
2019-08-01,222.484,2020,8,56650.333333333336,8.4,0.1,240.9,272.866,3.3,205753509.841955,16.2234001500798,44.147,76660.0,128451.0,82.664
2019-09-01,225.937,2020,9,56821.666666666664,7.9,0.09,246.9,273.116,3.4,206129691.633232,16.2234001500798,44.147,76660.0,128451.0,82.664
2019-10-01,229.888,2020,10,56993.0,6.9,0.09,246.4,273.014,3.3,206073201.59363905,16.2234001500798,44.147,76660.0,128451.0,82.664
2019-11-01,233.253,2020,11,57289.333333333336,6.7,0.09,244.3,273.29,4.0,206157005.379489,16.2234001500798,44.147,76660.0,128451.0,82.664
2019-12-01,236.433,2020,12,57585.666666666664,6.7,0.09,248.0,273.684,4.1,206069507.781916,16.2234001500798,44.147,76660.0,128451.0,82.664
2020-01-01,239.413,2021,1,57882.0,6.3,0.09,256.4,274.336,4.0,204934021.292635,16.6788954868121,45.296,76330.0,129224.0,82.873
2020-02-01,242.123,2021,2,58202.0,6.2,0.08,264.6,275.137,4.9,204891687.618555,16.6788954868121,45.296,76330.0,129224.0,82.873
2020-03-01,245.325,2021,3,58522.0,6.1,0.07,276.7,276.028,4.4,205005370.31361505,16.6788954868121,45.296,76330.0,129224.0,82.873
2020-04-01,249.077,2021,4,58842.0,6.1,0.07,291.8,277.258,4.7,205383768.461534,16.6788954868121,45.296,76330.0,129224.0,82.873
2020-05-01,253.474,2021,5,58951.0,5.8,0.06,305.9,278.648,5.6,205608505.140075,16.6788954868121,45.296,76330.0,129224.0,82.873
2020-06-01,258.423,2021,6,59060.0,5.9,0.08,315.7,280.366,5.8,205376295.567377,16.6788954868121,45.296,76330.0,129224.0,82.873
2020-07-01,262.956,2021,7,59169.0,5.4,0.1,313.542,281.604,5.7,205348746.108799,16.6788954868121,45.296,76330.0,129224.0,82.873
2020-08-01,267.005,2021,8,59485.0,5.2,0.09,313.083,282.391,6.5,205344628.370044,16.6788954868121,45.296,76330.0,129224.0,82.873
2020-09-01,270.523,2021,9,59801.0,4.8,0.08,317.136,283.744,6.0,205480663.737847,16.6788954868121,45.296,76330.0,129224.0,82.873
2020-10-01,273.931,2021,10,60117.0,4.5,0.08,322.12,285.31,6.8,205382783.10683095,16.6788954868121,45.296,76330.0,129224.0,82.873
2020-11-01,277.284,2021,11,60023.333333333336,4.2,0.08,328.94,286.308,6.0,205355471.434348,16.6788954868121,45.296,76330.0,129224.0,82.873
2020-12-01,281.266,2021,12,59929.666666666664,3.9,0.08,335.032,287.511,5.6,205308040.74125305,16.6788954868121,45.296,76330.0,129224.0,82.873
